Detector + Descriptor,ttcLidar,ttcCamera,ttcCamera - ttcLidar

SHITOMASI,BRISK
SHITOMASI,BRISK,12.289100,13.901922,1.612822
SHITOMASI,BRISK,13.354725,12.987607,-0.367117
SHITOMASI,BRISK,16.384452,13.247445,-3.137007
SHITOMASI,BRISK,14.076445,12.889909,-1.186536
SHITOMASI,BRISK,12.729945,13.447584,0.717639
SHITOMASI,BRISK,13.751074,13.526569,-0.224505
SHITOMASI,BRISK,13.731432,12.717208,-1.014224
SHITOMASI,BRISK,13.790126,13.711970,-0.078156
SHITOMASI,BRISK,12.058994,11.512622,-0.546372
SHITOMASI,BRISK,11.864185,13.456033,1.591847
SHITOMASI,BRISK,11.968197,11.981575,0.013378
SHITOMASI,BRISK,9.887113,11.813502,1.926389
SHITOMASI,BRISK,9.425037,12.036693,2.611656
SHITOMASI,BRISK,9.302148,11.342009,2.039861
SHITOMASI,BRISK,8.321200,9.077845,0.756645
SHITOMASI,BRISK,8.898673,10.461245,1.562572
SHITOMASI,BRISK,11.030114,11.682327,0.652213
SHITOMASI,BRISK,8.535568,9.738633,1.203066

SHITOMASI,BRIEF
SHITOMASI,BRIEF,12.289100,14.074719,1.785619
SHITOMASI,BRIEF,13.354725,13.810206,0.455481
SHITOMASI,BRIEF,16.384452,11.731907,-4.652546
SHITOMASI,BRIEF,14.076445,13.600733,-0.475713
SHITOMASI,BRIEF,12.729945,12.300000,-0.429945
SHITOMASI,BRIEF,13.751074,13.270325,-0.480749
SHITOMASI,BRIEF,13.731432,21.355703,7.624271
SHITOMASI,BRIEF,13.790126,12.519921,-1.270205
SHITOMASI,BRIEF,12.058994,11.607725,-0.451269
SHITOMASI,BRIEF,11.864185,13.671652,1.807467
SHITOMASI,BRIEF,11.968197,11.780525,-0.187672
SHITOMASI,BRIEF,9.887113,11.760357,1.873244
SHITOMASI,BRIEF,9.425037,11.754486,2.329449
SHITOMASI,BRIEF,9.302148,11.652430,2.350282
SHITOMASI,BRIEF,8.321200,11.295335,2.974135
SHITOMASI,BRIEF,8.898673,11.517364,2.618690
SHITOMASI,BRIEF,11.030114,11.186867,0.156753
SHITOMASI,BRIEF,8.535568,7.969394,-0.566174

SHITOMASI,ORB
SHITOMASI,ORB,12.289100,14.295196,2.006096
SHITOMASI,ORB,13.354725,12.439011,-0.915713
SHITOMASI,ORB,16.384452,12.213061,-4.171391
SHITOMASI,ORB,14.076445,12.859503,-1.216942
SHITOMASI,ORB,12.729945,12.136790,-0.593155
SHITOMASI,ORB,13.751074,13.673261,-0.077813
SHITOMASI,ORB,13.731432,11.994105,-1.737327
SHITOMASI,ORB,13.790126,12.391252,-1.398874
SHITOMASI,ORB,12.058994,11.327266,-0.731728
SHITOMASI,ORB,11.864185,13.644651,1.780466
SHITOMASI,ORB,11.968197,11.302678,-0.665519
SHITOMASI,ORB,9.887113,11.320832,1.433718
SHITOMASI,ORB,9.425037,12.376496,2.951459
SHITOMASI,ORB,9.302148,11.547601,2.245453
SHITOMASI,ORB,8.321200,10.438816,2.117616
SHITOMASI,ORB,8.898673,11.668051,2.769378
SHITOMASI,ORB,11.030114,9.692020,-1.338094
SHITOMASI,ORB,8.535568,7.600626,-0.934942

Detector + Descriptor,ttcLidar,ttcCamera,ttcCamera - ttcLidar
SHITOMASI,FREAK
SHITOMASI,FREAK,12.289100,13.673261,1.384161
SHITOMASI,FREAK,13.354725,13.503101,0.148376
SHITOMASI,FREAK,16.384452,11.466479,-4.917973
SHITOMASI,FREAK,14.076445,12.561005,-1.515440
SHITOMASI,FREAK,12.729945,12.631844,-0.098102
SHITOMASI,FREAK,13.751074,15.153668,1.402594
SHITOMASI,FREAK,13.731432,13.350937,-0.380495
SHITOMASI,FREAK,13.790126,12.934828,-0.855298
SHITOMASI,FREAK,12.058994,12.191113,0.132119
SHITOMASI,FREAK,11.864185,13.199040,1.334854
SHITOMASI,FREAK,11.968197,11.327353,-0.640844
SHITOMASI,FREAK,9.887113,12.272720,2.385607
SHITOMASI,FREAK,9.425037,12.668068,3.243031
SHITOMASI,FREAK,9.302148,11.538407,2.236259
SHITOMASI,FREAK,8.321200,10.251268,1.930068
SHITOMASI,FREAK,8.898673,11.315296,2.416623
SHITOMASI,FREAK,11.030114,10.909402,-0.120712
SHITOMASI,FREAK,8.535568,7.878970,-0.656597

Detector + Descriptor,ttcLidar,ttcCamera,ttcCamera - ttcLidar
SHITOMASI,SIFT
SHITOMASI,SIFT,12.289100,14.379651,2.090551
SHITOMASI,SIFT,13.354725,12.895538,-0.459187
SHITOMASI,SIFT,16.384452,11.470275,-4.914178
SHITOMASI,SIFT,14.076445,12.672598,-1.403847
SHITOMASI,SIFT,12.729945,12.188597,-0.541348
SHITOMASI,SIFT,13.751074,13.042297,-0.708777
SHITOMASI,SIFT,13.731432,12.095145,-1.636287
SHITOMASI,SIFT,13.790126,12.337961,-1.452164
SHITOMASI,SIFT,12.058994,11.704521,-0.354473
SHITOMASI,SIFT,11.864185,13.890487,2.026302
SHITOMASI,SIFT,11.968197,12.186725,0.218528
SHITOMASI,SIFT,9.887113,11.970132,2.083019
SHITOMASI,SIFT,9.425037,11.622733,2.197696
SHITOMASI,SIFT,9.302148,10.933542,1.631394
SHITOMASI,SIFT,8.321200,12.000015,3.678815
SHITOMASI,SIFT,8.898673,10.477646,1.578973
SHITOMASI,SIFT,11.030114,10.459936,-0.570177
SHITOMASI,SIFT,8.535568,9.525128,0.989560

Detector + Descriptor,ttcLidar,ttcCamera,ttcCamera - ttcLidar
HARRIS,BRISK
HARRIS,BRISK,12.289100,10.908219,-1.380881
HARRIS,BRISK,13.354725,10.195030,-3.159695
HARRIS,BRISK,16.384452,-80.852533,-97.236986
HARRIS,BRISK,14.076445,11.579216,-2.497229
HARRIS,BRISK,12.729945,-inf,-inf
HARRIS,BRISK,13.751074,12.994489,-0.756585
HARRIS,BRISK,13.731432,12.239489,-1.491943
HARRIS,BRISK,13.790126,28.960378,15.170252
HARRIS,BRISK,12.058994,nan,nan
HARRIS,BRISK,11.864185,-inf,-inf
HARRIS,BRISK,11.968197,11.741430,-0.226767
HARRIS,BRISK,9.887113,11.694809,1.807696
HARRIS,BRISK,9.425037,568.322205,558.897168
HARRIS,BRISK,9.302148,7.721444,-1.580704
HARRIS,BRISK,8.321200,-12.639044,-20.960245
HARRIS,BRISK,8.898673,6.339291,-2.559382
HARRIS,BRISK,11.030114,12.584845,1.554731
HARRIS,BRISK,8.535568,-inf,-inf

Detector + Descriptor,ttcLidar,ttcCamera,ttcCamera - ttcLidar
HARRIS,BRIEF
HARRIS,BRIEF,12.289100,10.908219,-1.380881
HARRIS,BRIEF,13.354725,11.008145,-2.346580
HARRIS,BRIEF,16.384452,-11.473146,-27.857598
HARRIS,BRIEF,14.076445,11.579216,-2.497229
HARRIS,BRIEF,12.729945,35.383263,22.653317
HARRIS,BRIEF,13.751074,15.248268,1.497194
HARRIS,BRIEF,13.731432,14.274402,0.542970
HARRIS,BRIEF,13.790126,17.620382,3.830256
HARRIS,BRIEF,12.058994,3.300582,-8.758412
HARRIS,BRIEF,11.864185,-13.440525,-25.304710
HARRIS,BRIEF,11.968197,11.741430,-0.226767
HARRIS,BRIEF,9.887113,11.694809,1.807696
HARRIS,BRIEF,9.425037,284.161102,274.736065
HARRIS,BRIEF,9.302148,5.606097,-3.696051
HARRIS,BRIEF,8.321200,-13.626283,-21.947483
HARRIS,BRIEF,8.898673,6.764096,-2.134577
HARRIS,BRIEF,11.030114,12.584845,1.554731
HARRIS,BRIEF,8.535568,-inf,-inf

Detector + Descriptor,ttcLidar,ttcCamera,ttcCamera - ttcLidar
HARRIS,ORB
HARRIS,ORB,12.289100,10.908219,-1.380881
HARRIS,ORB,13.354725,11.008145,-2.346580
HARRIS,ORB,16.384452,-11.473146,-27.857598
HARRIS,ORB,14.076445,11.579216,-2.497229
HARRIS,ORB,12.729945,34.754282,22.024336
HARRIS,ORB,13.751074,13.621705,-0.129369
HARRIS,ORB,13.731432,13.496977,-0.234455
HARRIS,ORB,13.790126,17.620382,3.830256
HARRIS,ORB,12.058994,nan,nan
HARRIS,ORB,11.864185,-inf,-inf
HARRIS,ORB,11.968197,11.437683,-0.530514
HARRIS,ORB,9.887113,11.694809,1.807696
HARRIS,ORB,9.425037,13.432725,4.007688
HARRIS,ORB,9.302148,5.858277,-3.443871
HARRIS,ORB,8.321200,-13.626283,-21.947483
HARRIS,ORB,8.898673,6.717055,-2.181619
HARRIS,ORB,11.030114,12.584845,1.554731
HARRIS,ORB,8.535568,-inf,-inf

Detector + Descriptor,ttcLidar,ttcCamera,ttcCamera - ttcLidar
HARRIS,FREAK
HARRIS,FREAK,12.289100,9.749526,-2.539573
HARRIS,FREAK,13.354725,10.585996,-2.768728
HARRIS,FREAK,16.384452,-10.295030,-26.679482
HARRIS,FREAK,14.076445,11.769329,-2.307117
HARRIS,FREAK,12.729945,89.833222,77.103277
HARRIS,FREAK,13.751074,13.590710,-0.160364
HARRIS,FREAK,13.731432,13.603624,-0.127808
HARRIS,FREAK,13.790126,12.916210,-0.873915
HARRIS,FREAK,12.058994,nan,nan
HARRIS,FREAK,11.864185,10.293108,-1.571077
HARRIS,FREAK,11.968197,11.741430,-0.226767
HARRIS,FREAK,9.887113,11.694809,1.807696
HARRIS,FREAK,9.425037,13.432725,4.007688
HARRIS,FREAK,9.302148,12.287985,2.985837
HARRIS,FREAK,8.321200,-25.278089,-33.599289
HARRIS,FREAK,8.898673,6.647413,-2.251261
HARRIS,FREAK,11.030114,nan,nan
HARRIS,FREAK,8.535568,nan,nan

Detector + Descriptor,ttcLidar,ttcCamera,ttcCamera - ttcLidar
HARRIS,SIFT
HARRIS,SIFT,12.289100,10.908219,-1.380881
HARRIS,SIFT,13.354725,63.847495,50.492770
HARRIS,SIFT,16.384452,-161.705066,-178.089519
HARRIS,SIFT,14.076445,11.579216,-2.497229
HARRIS,SIFT,12.729945,13.643206,0.913260
HARRIS,SIFT,13.751074,27.874400,14.123326
HARRIS,SIFT,13.731432,13.496977,-0.234455
HARRIS,SIFT,13.790126,17.620382,3.830256
HARRIS,SIFT,12.058994,3.938637,-8.120357
HARRIS,SIFT,11.864185,-13.440525,-25.304710
HARRIS,SIFT,11.968197,11.155164,-0.813033
HARRIS,SIFT,9.887113,11.694809,1.807696
HARRIS,SIFT,9.425037,13.432725,4.007688
HARRIS,SIFT,9.302148,5.660966,-3.641182
HARRIS,SIFT,8.321200,-inf,-inf
HARRIS,SIFT,8.898673,7.291746,-1.606928
HARRIS,SIFT,11.030114,12.584845,1.554731
HARRIS,SIFT,8.535568,-inf,-inf

Detector + Descriptor,ttcLidar,ttcCamera,ttcCamera - ttcLidar
FAST,BRISK
FAST,BRISK,12.289100,12.690829,0.401730
FAST,BRISK,13.354725,12.353370,-1.001355
FAST,BRISK,16.384452,12.337864,-4.046588
FAST,BRISK,14.076445,12.700010,-1.376436
FAST,BRISK,12.729945,13.829515,1.099570
FAST,BRISK,13.751074,12.182306,-1.568768
FAST,BRISK,13.731432,12.929103,-0.802329
FAST,BRISK,13.790126,12.397124,-1.393001
FAST,BRISK,12.058994,12.410093,0.351099
FAST,BRISK,11.864185,13.828137,1.963951
FAST,BRISK,11.968197,12.099794,0.131597
FAST,BRISK,9.887113,12.592194,2.705081
FAST,BRISK,9.425037,11.690868,2.265831
FAST,BRISK,9.302148,11.501616,2.199468
FAST,BRISK,8.321200,11.143947,2.822747
FAST,BRISK,8.898673,11.163603,2.264930
FAST,BRISK,11.030114,10.516913,-0.513200
FAST,BRISK,8.535568,11.762392,3.226824

Detector + Descriptor,ttcLidar,ttcCamera,ttcCamera - ttcLidar
FAST,BRIEF
FAST,BRIEF,12.289100,11.750258,-0.538842
FAST,BRIEF,13.354725,11.758331,-1.596394
FAST,BRIEF,16.384452,13.955042,-2.429410
FAST,BRIEF,14.076445,13.137056,-0.939390
FAST,BRIEF,12.729945,14.829752,2.099806
FAST,BRIEF,13.751074,13.594156,-0.156917
FAST,BRIEF,13.731432,13.277444,-0.453988
FAST,BRIEF,13.790126,12.775105,-1.015021
FAST,BRIEF,12.058994,12.800778,0.741784
FAST,BRIEF,11.864185,13.009249,1.145064
FAST,BRIEF,11.968197,11.873378,-0.094819
FAST,BRIEF,9.887113,11.525555,1.638442
FAST,BRIEF,9.425037,11.706558,2.281521
FAST,BRIEF,9.302148,10.645161,1.343013
FAST,BRIEF,8.321200,11.531169,3.209969
FAST,BRIEF,8.898673,10.323035,1.424362
FAST,BRIEF,11.030114,9.894525,-1.135589
FAST,BRIEF,8.535568,11.508075,2.972507

Detector + Descriptor,ttcLidar,ttcCamera,ttcCamera - ttcLidar
FAST,ORB
FAST,ORB,12.289100,11.472691,-0.816409
FAST,ORB,13.354725,11.943947,-1.410777
FAST,ORB,16.384452,11.662652,-4.721800
FAST,ORB,14.076445,12.966906,-1.109539
FAST,ORB,12.729945,13.572688,0.842743
FAST,ORB,13.751074,12.299590,-1.451484
FAST,ORB,13.731432,13.505414,-0.226018
FAST,ORB,13.790126,12.439011,-1.351114
FAST,ORB,12.058994,12.178894,0.119900
FAST,ORB,11.864185,13.209507,1.345322
FAST,ORB,11.968197,11.850822,-0.117375
FAST,ORB,9.887113,11.267041,1.379928
FAST,ORB,9.425037,11.537226,2.112189
FAST,ORB,9.302148,10.652891,1.350744
FAST,ORB,8.321200,10.017691,1.696490
FAST,ORB,8.898673,10.289176,1.390503
FAST,ORB,11.030114,9.678158,-1.351955
FAST,ORB,8.535568,11.268476,2.732908

Detector + Descriptor,ttcLidar,ttcCamera,ttcCamera - ttcLidar
FAST,FREAK
FAST,FREAK,12.289100,12.053826,-0.235274
FAST,FREAK,13.354725,12.601125,-0.753600
FAST,FREAK,16.384452,13.230204,-3.154248
FAST,FREAK,14.076445,13.775219,-0.301227
FAST,FREAK,12.729945,13.045888,0.315942
FAST,FREAK,13.751074,12.198675,-1.552399
FAST,FREAK,13.731432,12.996310,-0.735122
FAST,FREAK,13.790126,12.556668,-1.233458
FAST,FREAK,12.058994,12.893689,0.834695
FAST,FREAK,11.864185,12.824906,0.960721
FAST,FREAK,11.968197,12.250365,0.282168
FAST,FREAK,9.887113,12.188726,2.301613
FAST,FREAK,9.425037,11.555412,2.130375
FAST,FREAK,9.302148,11.083694,1.781546
FAST,FREAK,8.321200,11.140856,2.819656
FAST,FREAK,8.898673,11.224080,2.325407
FAST,FREAK,11.030114,10.366100,-0.664014
FAST,FREAK,8.535568,11.560528,3.024961

Detector + Descriptor,ttcLidar,ttcCamera,ttcCamera - ttcLidar
FAST,SIFT
FAST,SIFT,12.289100,12.338123,0.049023
FAST,SIFT,13.354725,11.478186,-1.876539
FAST,SIFT,16.384452,14.072464,-2.311988
FAST,SIFT,14.076445,13.088319,-0.988126
FAST,SIFT,12.729945,13.829515,1.099570
FAST,SIFT,13.751074,12.998016,-0.753058
FAST,SIFT,13.731432,12.471269,-1.260163
FAST,SIFT,13.790126,12.660454,-1.129671
FAST,SIFT,12.058994,12.539933,0.480939
FAST,SIFT,11.864185,12.836353,0.972168
FAST,SIFT,11.968197,11.943354,-0.024843
FAST,SIFT,9.887113,11.192726,1.305613
FAST,SIFT,9.425037,11.705077,2.280040
FAST,SIFT,9.302148,11.448724,2.146577
FAST,SIFT,8.321200,10.962111,2.640910
FAST,SIFT,8.898673,10.187396,1.288723
FAST,SIFT,11.030114,10.095949,-0.934164
FAST,SIFT,8.535568,10.587436,2.051868

Detector + Descriptor,ttcLidar,ttcCamera,ttcCamera - ttcLidar
BRISK,BRISK
BRISK,BRISK,12.289100,13.408608,1.119508
BRISK,BRISK,13.354725,21.527645,8.172920
BRISK,BRISK,16.384452,12.625001,-3.759451
BRISK,BRISK,14.076445,15.203748,1.127303
BRISK,BRISK,12.729945,27.667923,14.937978
BRISK,BRISK,13.751074,18.311446,4.560372
BRISK,BRISK,13.731432,17.142694,3.411262
BRISK,BRISK,13.790126,16.099065,2.308939
BRISK,BRISK,12.058994,14.801027,2.742033
BRISK,BRISK,11.864185,13.929688,2.065503
BRISK,BRISK,11.968197,13.135876,1.167679
BRISK,BRISK,9.887113,11.340908,1.453795
BRISK,BRISK,9.425037,11.856502,2.431465
BRISK,BRISK,9.302148,12.401259,3.099111
BRISK,BRISK,8.321200,12.708913,4.387713
BRISK,BRISK,8.898673,11.503045,2.604371
BRISK,BRISK,11.030114,9.293792,-1.736322
BRISK,BRISK,8.535568,10.775290,2.239722

Detector + Descriptor,ttcLidar,ttcCamera,ttcCamera - ttcLidar
BRISK,BRIEF
BRISK,BRIEF,12.289100,12.844751,0.555652
BRISK,BRIEF,13.354725,16.861843,3.507118
BRISK,BRIEF,16.384452,11.667223,-4.717230
BRISK,BRIEF,14.076445,20.572493,6.496048
BRISK,BRIEF,12.729945,19.705178,6.975232
BRISK,BRIEF,13.751074,17.564209,3.813135
BRISK,BRIEF,13.731432,15.588272,1.856840
BRISK,BRIEF,13.790126,18.745060,4.954934
BRISK,BRIEF,12.058994,15.464508,3.405514
BRISK,BRIEF,11.864185,11.485291,-0.378895
BRISK,BRIEF,11.968197,13.367635,1.399438
BRISK,BRIEF,9.887113,14.309638,4.422525
BRISK,BRIEF,9.425037,12.326637,2.901600
BRISK,BRIEF,9.302148,10.945685,1.643537
BRISK,BRIEF,8.321200,11.629428,3.308227
BRISK,BRIEF,8.898673,12.173885,3.275212
BRISK,BRIEF,11.030114,11.379207,0.349093
BRISK,BRIEF,8.535568,10.702170,2.166602

Detector + Descriptor,ttcLidar,ttcCamera,ttcCamera - ttcLidar
BRISK,ORB
BRISK,ORB,12.289100,14.843099,2.553999
BRISK,ORB,13.354725,18.780248,5.425523
BRISK,ORB,16.384452,13.275520,-3.108933
BRISK,ORB,14.076445,16.396559,2.320113
BRISK,ORB,12.729945,20.146713,7.416768
BRISK,ORB,13.751074,19.925431,6.174357
BRISK,ORB,13.731432,18.207435,4.476003
BRISK,ORB,13.790126,16.960679,3.170554
BRISK,ORB,12.058994,14.557577,2.498583
BRISK,ORB,11.864185,11.326652,-0.537534
BRISK,ORB,11.968197,13.317260,1.349063
BRISK,ORB,9.887113,11.384392,1.497279
BRISK,ORB,9.425037,11.803530,2.378494
BRISK,ORB,9.302148,12.765547,3.463400
BRISK,ORB,8.321200,11.216387,2.895187
BRISK,ORB,8.898673,11.556047,2.657374
BRISK,ORB,11.030114,10.245395,-0.784719
BRISK,ORB,8.535568,11.295740,2.760173

Detector + Descriptor,ttcLidar,ttcCamera,ttcCamera - ttcLidar
BRISK,FREAK
BRISK,FREAK,12.289100,12.758106,0.469006
BRISK,FREAK,13.354725,24.137015,10.782290
BRISK,FREAK,16.384452,13.960490,-2.423962
BRISK,FREAK,14.076445,13.944529,-0.131916
BRISK,FREAK,12.729945,23.069684,10.339739
BRISK,FREAK,13.751074,16.872630,3.121556
BRISK,FREAK,13.731432,15.519917,1.788485
BRISK,FREAK,13.790126,18.799641,5.009515
BRISK,FREAK,12.058994,14.970375,2.911381
BRISK,FREAK,11.864185,13.743806,1.879620
BRISK,FREAK,11.968197,12.879816,0.911619
BRISK,FREAK,9.887113,11.453693,1.566580
BRISK,FREAK,9.425037,11.442218,2.017181
BRISK,FREAK,9.302148,11.296889,1.994741
BRISK,FREAK,8.321200,13.344159,5.022959
BRISK,FREAK,8.898673,10.371812,1.473139
BRISK,FREAK,11.030114,9.330413,-1.699700
BRISK,FREAK,8.535568,10.937235,2.401667

Detector + Descriptor,ttcLidar,ttcCamera,ttcCamera - ttcLidar
BRISK,SIFT
BRISK,SIFT,12.289100,12.619576,0.330477
BRISK,SIFT,13.354725,15.986140,2.631415
BRISK,SIFT,16.384452,16.695525,0.311073
BRISK,SIFT,14.076445,13.478369,-0.598077
BRISK,SIFT,12.729945,29.429571,16.699626
BRISK,SIFT,13.751074,20.186377,6.435303
BRISK,SIFT,13.731432,14.373320,0.641888
BRISK,SIFT,13.790126,17.350669,3.560543
BRISK,SIFT,12.058994,19.924739,7.865745
BRISK,SIFT,11.864185,14.552489,2.688303
BRISK,SIFT,11.968197,14.840873,2.872675
BRISK,SIFT,9.887113,11.515021,1.627908
BRISK,SIFT,9.425037,13.891477,4.466440
BRISK,SIFT,9.302148,10.238454,0.936306
BRISK,SIFT,8.321200,14.605821,6.284621
BRISK,SIFT,8.898673,10.452650,1.553977
BRISK,SIFT,11.030114,10.726219,-0.303895
BRISK,SIFT,8.535568,12.312627,3.777059

Detector + Descriptor,ttcLidar,ttcCamera,ttcCamera - ttcLidar
ORB,BRISK
ORB,BRISK,12.289100,15.032572,2.743472
ORB,BRISK,13.354725,13.095322,-0.259402
ORB,BRISK,16.384452,12.445375,-3.939078
ORB,BRISK,14.076445,29.920121,15.843675
ORB,BRISK,12.729945,156.223525,143.493580
ORB,BRISK,13.751074,11.113648,-2.637425
ORB,BRISK,13.731432,13.696569,-0.034863
ORB,BRISK,13.790126,10.943258,-2.846868
ORB,BRISK,12.058994,13.100458,1.041464
ORB,BRISK,11.864185,19.471991,7.607805
ORB,BRISK,11.968197,8.349279,-3.618918
ORB,BRISK,9.887113,-inf,-inf
ORB,BRISK,9.425037,8.223942,-1.201095
ORB,BRISK,9.302148,9.474114,0.171966
ORB,BRISK,8.321200,8.696525,0.375325
ORB,BRISK,8.898673,13.276519,4.377845
ORB,BRISK,11.030114,12.372025,1.341911
ORB,BRISK,8.535568,25.999219,17.463652

Detector + Descriptor,ttcLidar,ttcCamera,ttcCamera - ttcLidar
ORB,BRIEF
ORB,BRIEF,12.289100,21.341844,9.052744
ORB,BRIEF,13.354725,47.919960,34.565235
ORB,BRIEF,16.384452,103.664979,87.280527
ORB,BRIEF,14.076445,14.067850,-0.008595
ORB,BRIEF,12.729945,22.892533,10.162587
ORB,BRIEF,13.751074,18.356676,4.605602
ORB,BRIEF,13.731432,55.197557,41.466125
ORB,BRIEF,13.790126,76.759495,62.969369
ORB,BRIEF,12.058994,70.714503,58.655509
ORB,BRIEF,11.864185,16.262498,4.398313
ORB,BRIEF,11.968197,17.445256,5.477059
ORB,BRIEF,9.887113,14.118500,4.231387
ORB,BRIEF,9.425037,13.301044,3.876007
ORB,BRIEF,9.302148,9.713079,0.410931
ORB,BRIEF,8.321200,8.815997,0.494797
ORB,BRIEF,8.898673,10.980355,2.081682
ORB,BRIEF,11.030114,13.442005,2.411891
ORB,BRIEF,8.535568,19.066456,10.530888

Detector + Descriptor,ttcLidar,ttcCamera,ttcCamera - ttcLidar
ORB,ORB
ORB,ORB,12.289100,19.462607,7.173507
ORB,ORB,13.354725,10.751135,-2.603590
ORB,ORB,16.384452,16.675493,0.291040
ORB,ORB,14.076445,21.790953,7.714508
ORB,ORB,12.729945,51.934752,39.204806
ORB,ORB,13.751074,32.001956,18.250882
ORB,ORB,13.731432,19503.961294,19490.229862
ORB,ORB,13.790126,10.665193,-3.124933
ORB,ORB,12.058994,141.211722,129.152728
ORB,ORB,11.864185,16.940708,5.076523
ORB,ORB,11.968197,9.158094,-2.810103
ORB,ORB,9.887113,26.040853,16.153739
ORB,ORB,9.425037,9.460757,0.035720
ORB,ORB,9.302148,9.630662,0.328515
ORB,ORB,8.321200,12.944399,4.623199
ORB,ORB,8.898673,10.506344,1.607671
ORB,ORB,11.030114,16.666733,5.636619
ORB,ORB,8.535568,31.353804,22.818236

Detector + Descriptor,ttcLidar,ttcCamera,ttcCamera - ttcLidar
ORB,FREAK
ORB,FREAK,12.289100,12.207445,-0.081655
ORB,FREAK,13.354725,20.120590,6.765865
ORB,FREAK,16.384452,17.486527,1.102074
ORB,FREAK,14.076445,10.870614,-3.205831
ORB,FREAK,12.729945,-inf,-inf
ORB,FREAK,13.751074,11.562639,-2.188435
ORB,FREAK,13.731432,-inf,-inf
ORB,FREAK,13.790126,9.021512,-4.768614
ORB,FREAK,12.058994,13.311161,1.252167
ORB,FREAK,11.864185,-545.043513,-556.907698
ORB,FREAK,11.968197,7.957948,-4.010249
ORB,FREAK,9.887113,40.884147,30.997034
ORB,FREAK,9.425037,6.576912,-2.848125
ORB,FREAK,9.302148,60.267052,50.964904
ORB,FREAK,8.321200,8.600034,0.278834
ORB,FREAK,8.898673,9.340198,0.441525
ORB,FREAK,11.030114,11.321919,0.291805
ORB,FREAK,8.535568,16.865503,8.329935

Detector + Descriptor,ttcLidar,ttcCamera,ttcCamera - ttcLidar
ORB,SIFT
ORB,SIFT,12.289100,12.869524,0.580424
ORB,SIFT,13.354725,9.856852,-3.497873
ORB,SIFT,16.384452,12.547073,-3.837379
ORB,SIFT,14.076445,209.183077,195.106631
ORB,SIFT,12.729945,502.130380,489.400434
ORB,SIFT,13.751074,21.144888,7.393814
ORB,SIFT,13.731432,-inf,-inf
ORB,SIFT,13.790126,10.447693,-3.342433
ORB,SIFT,12.058994,20.025190,7.966196
ORB,SIFT,11.864185,11.138868,-0.725317
ORB,SIFT,11.968197,10.121367,-1.846830
ORB,SIFT,9.887113,-inf,-inf
ORB,SIFT,9.425037,7.944564,-1.480473
ORB,SIFT,9.302148,18.647673,9.345525
ORB,SIFT,8.321200,13.698939,5.377739
ORB,SIFT,8.898673,9.560446,0.661773
ORB,SIFT,11.030114,18.322767,7.292654
ORB,SIFT,8.535568,10.785159,2.249591

Detector + Descriptor,ttcLidar,ttcCamera,ttcCamera - ttcLidar

AKAZE,BRISK
AKAZE,BRISK,12.289100,11.905514,-0.383586
AKAZE,BRISK,13.354725,15.624914,2.270189
AKAZE,BRISK,16.384452,13.464357,-2.920096
AKAZE,BRISK,14.076445,14.419571,0.343126
AKAZE,BRISK,12.729945,14.746061,2.016116
AKAZE,BRISK,13.751074,14.842202,1.091128
AKAZE,BRISK,13.731432,16.185528,2.454096
AKAZE,BRISK,13.790126,13.990924,0.200798
AKAZE,BRISK,12.058994,13.901024,1.842030
AKAZE,BRISK,11.864185,11.964454,0.100268
AKAZE,BRISK,11.968197,12.505389,0.537192
AKAZE,BRISK,9.887113,10.373721,0.486608
AKAZE,BRISK,9.425037,10.148877,0.723841
AKAZE,BRISK,9.302148,10.038533,0.736385
AKAZE,BRISK,8.321200,10.170208,1.849007
AKAZE,BRISK,8.898673,10.383405,1.484732
AKAZE,BRISK,11.030114,9.636986,-1.393128
A
KAZE,BRISK,8.535568,8.952873,0.417305

Detector + Descriptor,ttcLidar,ttcCamera,ttcCamera - ttcLidar
AKAZE,BRIEF
AKAZE,BRIEF,12.289100,13.280405,0.991305
AKAZE,BRIEF,13.354725,15.380978,2.026253
AKAZE,BRIEF,16.384452,13.672824,-2.711628
AKAZE,BRIEF,14.076445,13.979285,-0.097161
AKAZE,BRIEF,12.729945,15.110617,2.380672
AKAZE,BRIEF,13.751074,13.910040,0.158967
AKAZE,BRIEF,13.731432,15.935482,2.204050
AKAZE,BRIEF,13.790126,14.451440,0.661315
AKAZE,BRIEF,12.058994,13.510143,1.451149
AKAZE,BRIEF,11.864185,11.668127,-0.196059
AKAZE,BRIEF,11.968197,12.355880,0.387683
AKAZE,BRIEF,9.887113,11.679426,1.792313
AKAZE,BRIEF,9.425037,10.119306,0.694269
AKAZE,BRIEF,9.302148,9.859415,0.557267
AKAZE,BRIEF,8.321200,9.487436,1.166235
AKAZE,BRIEF,8.898673,9.699834,0.801161
AKAZE,BRIEF,11.030114,9.503356,-1.526757
AKAZE,BRIEF,8.535568,9.129028,0.593460

Detector + Descriptor,ttcLidar,ttcCamera,ttcCamera - ttcLidar
AKAZE,ORB
AKAZE,ORB,12.289100,12.449495,0.160395
AKAZE,ORB,13.354725,14.558991,1.204266
AKAZE,ORB,16.384452,13.315877,-3.068575
AKAZE,ORB,14.076445,14.378945,0.302500
AKAZE,ORB,12.729945,15.577985,2.848040
AKAZE,ORB,13.751074,13.778508,0.027434
AKAZE,ORB,13.731432,15.623489,1.892057
AKAZE,ORB,13.790126,14.189060,0.398935
AKAZE,ORB,12.058994,13.444447,1.385453
AKAZE,ORB,11.864185,11.753664,-0.110521
AKAZE,ORB,11.968197,12.412078,0.443881
AKAZE,ORB,9.887113,11.544100,1.656987
AKAZE,ORB,9.425037,9.984037,0.559000
AKAZE,ORB,9.302148,10.417028,1.114880
AKAZE,ORB,8.321200,10.532105,2.210905
AKAZE,ORB,8.898673,9.698525,0.799852
AKAZE,ORB,11.030114,8.975469,-2.054644
AKAZE,ORB,8.535568,9.142697,0.607129

Detector + Descriptor,ttcLidar,ttcCamera,ttcCamera - ttcLidar
AKAZE,FREAK
AKAZE,FREAK,12.289100,12.123854,-0.165246
AKAZE,FREAK,13.354725,14.061267,0.706542
AKAZE,FREAK,16.384452,13.959033,-2.425419
AKAZE,FREAK,14.076445,14.245365,0.168920
AKAZE,FREAK,12.729945,16.143277,3.413332
AKAZE,FREAK,13.751074,14.519808,0.768734
AKAZE,FREAK,13.731432,15.445587,1.714155
AKAZE,FREAK,13.790126,13.686733,-0.103393
AKAZE,FREAK,12.058994,13.106198,1.047204
AKAZE,FREAK,11.864185,12.041246,0.177061
AKAZE,FREAK,11.968197,12.211215,0.243018
AKAZE,FREAK,9.887113,10.992358,1.105245
AKAZE,FREAK,9.425037,10.971393,1.546356
AKAZE,FREAK,9.302148,10.000040,0.697892
AKAZE,FREAK,8.321200,9.869793,1.548593
AKAZE,FREAK,8.898673,10.353083,1.454409
AKAZE,FREAK,11.030114,9.100043,-1.930070
AKAZE,FREAK,8.535568,8.650407,0.114839

Detector + Descriptor,ttcLidar,ttcCamera,ttcCamera - ttcLidar
AKAZE,AKAZE
AKAZE,AKAZE,12.289100,12.344392,0.055292
AKAZE,AKAZE,13.354725,14.098325,0.743600
AKAZE,AKAZE,16.384452,12.882831,-3.501621
AKAZE,AKAZE,14.076445,14.478071,0.401625
AKAZE,AKAZE,12.729945,16.746757,4.016811
AKAZE,AKAZE,13.751074,13.867503,0.116429
AKAZE,AKAZE,13.731432,15.346699,1.615267
AKAZE,AKAZE,13.790126,14.137924,0.347799
AKAZE,AKAZE,12.058994,13.839770,1.780776
AKAZE,AKAZE,11.864185,11.548286,-0.315900
AKAZE,AKAZE,11.968197,12.134095,0.165898
AKAZE,AKAZE,9.887113,11.055511,1.168398
AKAZE,AKAZE,9.425037,11.285216,1.860179
AKAZE,AKAZE,9.302148,10.584497,1.282349
AKAZE,AKAZE,8.321200,10.198874,1.877673
AKAZE,AKAZE,8.898673,9.813600,0.914927
AKAZE,AKAZE,11.030114,9.064524,-1.965589
AKAZE,AKAZE,8.535568,8.974019,0.438451

Detector + Descriptor,ttcLidar,ttcCamera,ttcCamera - ttcLidar
AKAZE,SIFT
AKAZE,SIFT,12.289100,12.439869,0.150769
AKAZE,SIFT,13.354725,14.645993,1.291268
AKAZE,SIFT,16.384452,13.414191,-2.970261
AKAZE,SIFT,14.076445,14.107001,0.030555
AKAZE,SIFT,12.729945,16.598054,3.868109
AKAZE,SIFT,13.751074,14.137390,0.386317
AKAZE,SIFT,13.731432,15.446194,1.714762
AKAZE,SIFT,13.790126,13.827248,0.037122
AKAZE,SIFT,12.058994,14.120766,2.061771
AKAZE,SIFT,11.864185,11.931067,0.066882
AKAZE,SIFT,11.968197,12.309924,0.341727
AKAZE,SIFT,9.887113,11.412266,1.525153
AKAZE,SIFT,9.425037,10.834034,1.408997
AKAZE,SIFT,9.302148,10.538315,1.236167
AKAZE,SIFT,8.321200,10.137448,1.816247
AKAZE,SIFT,8.898673,10.116593,1.217920
AKAZE,SIFT,11.030114,9.094468,-1.935645
AKAZE,SIFT,8.535568,9.006080,0.470512

Detector + Descriptor,ttcLidar,ttcCamera,ttcCamera - ttcLidar
SIFT,BRISK
SIFT,BRISK,12.289100,11.677476,-0.611624
SIFT,BRISK,13.354725,13.344321,-0.010404
SIFT,BRISK,16.384452,14.489055,-1.895397
SIFT,BRISK,14.076445,18.943242,4.866797
SIFT,BRISK,12.729945,14.906698,2.176753
SIFT,BRISK,13.751074,11.550939,-2.200135
SIFT,BRISK,13.731432,14.380148,0.648717
SIFT,BRISK,13.790126,15.563797,1.773671
SIFT,BRISK,12.058994,13.059108,1.000114
SIFT,BRISK,11.864185,10.859313,-1.004873
SIFT,BRISK,11.968197,13.234902,1.266705
SIFT,BRISK,9.887113,10.297247,0.410134
SIFT,BRISK,9.425037,9.988737,0.563700
SIFT,BRISK,9.302148,9.552208,0.250060
SIFT,BRISK,8.321200,9.464395,1.143195
SIFT,BRISK,8.898673,8.771794,-0.126880
SIFT,BRISK,11.030114,9.526967,-1.503147
SIFT,BRISK,8.535568,9.326496,0.790929

Detector + Descriptor,ttcLidar,ttcCamera,ttcCamera - ttcLidar
SIFT,BRIEF
SIFT,BRIEF,12.289100,12.088703,-0.200397
SIFT,BRIEF,13.354725,14.239088,0.884363
SIFT,BRIEF,16.384452,15.079993,-1.304460
SIFT,BRIEF,14.076445,21.435814,7.359368
SIFT,BRIEF,12.729945,13.600388,0.870442
SIFT,BRIEF,13.751074,12.558406,-1.192668
SIFT,BRIEF,13.731432,14.579190,0.847758
SIFT,BRIEF,13.790126,15.257821,1.467695
SIFT,BRIEF,12.058994,13.044619,0.985625
SIFT,BRIEF,11.864185,10.309741,-1.554444
SIFT,BRIEF,11.968197,13.048838,1.080641
SIFT,BRIEF,9.887113,9.870536,-0.016577
SIFT,BRIEF,9.425037,10.128211,0.703174
SIFT,BRIEF,9.302148,9.268246,-0.033901
SIFT,BRIEF,8.321200,9.996120,1.674919
SIFT,BRIEF,8.898673,9.068745,0.170072
SIFT,BRIEF,11.030114,8.946160,-2.083954
SIFT,BRIEF,8.535568,9.232552,0.696984

Detector + Descriptor,ttcLidar,ttcCamera,ttcCamera - ttcLidar
SIFT,FREAK
SIFT,FREAK,12.289100,11.314268,-0.974832
SIFT,FREAK,13.354725,13.835325,0.480601
SIFT,FREAK,16.384452,13.613514,-2.770938
SIFT,FREAK,14.076445,21.172287,7.095842
SIFT,FREAK,12.729945,13.563394,0.833449
SIFT,FREAK,13.751074,12.242301,-1.508773
SIFT,FREAK,13.731432,14.813928,1.082496
SIFT,FREAK,13.790126,15.234578,1.444453
SIFT,FREAK,12.058994,14.389181,2.330187
SIFT,FREAK,11.864185,11.571643,-0.292543
SIFT,FREAK,11.968197,12.083194,0.114996
SIFT,FREAK,9.887113,10.093187,0.206074
SIFT,FREAK,9.425037,10.252224,0.827187
SIFT,FREAK,9.302148,9.896311,0.594164
SIFT,FREAK,8.321200,9.196619,0.875419
SIFT,FREAK,8.898673,9.504029,0.605356
SIFT,FREAK,11.030114,9.180972,-1.849142
SIFT,FREAK,8.535568,9.932343,1.396775
